"MATR_ALUNO";"COD_CURSO";"ANO";"PERIODO";"COD_ATIV_CURRIC";"NOME_ATIV_CURRIC";"CREDITOS";"MEDIA_FINAL";"DESCR_SITUACAO";"TOTAL_CARGA_HORARIA";"FORMA_INGRESSO";"ANO_INGRESSO";"FORMA_EVASAO";"ANO_EVASAO";"SEXO"
"0d1cd0874a8e47a6628c4c88e78608c73d2174496f53569087fbd4fe53fe17ebf7e90ff1aaecad3a93ab84caff5fcc397d6c545868ad1dda3007f0d6b110dcdf554a8b484adb004dddb2e2813ad206ecc9ca951bca4da69b99c402bc6f8aff10db73e4b26aeb6db5e663df59c37b903369710d2104448622e832382c474b429bad55beb23db5d46fcf1e5180ce4fd2cb6b2a6535430730312e12c8cd2fca27ba52e8d90f9e0add689e62cb9edcb39a5d0d9a6ded53e3898bb0876dd46c568b3032d19735a4e2657ba88bfac910c7c1587ff83beb55cb9d9e2ac432468165fcf9eecf73bd2737a56d900fe6c575b0d867c8fe47399dcb1fe83172f91b011c235d";"BALF";2012;"1. Semestre";"BA010801";"DESENHO TECNICO I";4;0;"Reprovado por Frequência";60;"Processo Seletivo - Vestibular";2008;"Cancelamento";2017;"F"
"6b2b6f29e01f746616e5e1f160136bf0a19b312b6ee7cddc66738498c00df72f3015a51886b2465d7f186cd12455f74ad8bd57f91625c96a8dd268a7d12c1e9f73f81e21566a46fd584b0118883ebec2cfd6052ad398aa842ac0e8a51879a8fae44f1d6873730f1049a3d1dfd340d367e5655c6c0527f5b2cd1b35cae324e6115aa38819207d148f553e13cd7e8dc6aa47104d7848dfedc515708238e1112ffcbdfad885c1e81282f06d80dc4cd4bf912f4a716871a4347cc3780abadadde009f92cdac9c09bdd5d1b4f3fe6fc21f57ad96f567039df2e56dd6886deabe7839f628c60de0cfda066fd58f4995dec6f157aa7e0f872dc975ab167dd946b0e5735";"BALF";2011;"1. Semestre";"BA010801";"DESENHO TECNICO I";4;3.8;"Reprovado com nota";60;"ENEM - Exame Nacional do Ensino Médio";2010;"Abandono";2016;"F"
"b8319387d72a25568ba2f20aa95b16c4511206d10ec7442c16c938252ed6392c7f2540ad0aeb41b20e640794bc618d5c18193df361ed48edbfc908b481b5be1e8a11e725bee8213e384a889e06255bc56a22306c9bd28e9ada56273aac0ca8ad169f5c3790d5e23fc7e91fcac7fc48157b8cb944edae8b94fc5a9200d68b3b5895320c8edbfd49919759bdb0ca65648e7dc37923192b71577b94cce749a9280dc80495e858f58c07ec9e3506f884989d4cee5350fd443aa515b9529b94692f605faff8e47849e100a8845190a2ff1d629afd7b50f45ab28cd0b5ab54bf263afc47ee93888a91ec559e6fa6efdf16f36f1277ac7bc1b2608c2ac3d922a0c84633";"BALF";2011;"2. Semestre";"BA010801";"DESENHO TECNICO I";4;5.2;"Reprovado com nota";60;"ENEM - Exame Nacional do Ensino Médio";2010;"Abandono";2016;"F"
"42976fef8668af789db240f45aca6884fcb69d2afefe71747069ba37fc3072b6b2442698d7d810892f4b32971e9c62c72893b18c7922759c3b13c068108feaad36e9e93ee638b964832aa8ddd69a0ee88e58c9bbd25388bbaa8b8249f66c6385debeb81cc9f3b6ef0aae4d760194351796b09e725edba4f165b89e1ac2cb86f64cb39cc34deb64f8885b834034049cde6183d69f70f247d3454de675ff0324c71d1d9cf55a22b48f49377d642c91bbc7db31ec4bd93fb24c0465905fb0768ad422abf040de0067f9cae0b115ea7a8d1d1bfab6e2e1c9264017dae50907bbf9c27eb50ba6344342e9be83493fa0998b70aa5d544bcd3232f14529ed6df48ac58c";"BALF";2012;"1. Semestre";"BA010801";"DESENHO TECNICO I";4;4.7;"Reprovado com nota";60;"ENEM - Exame Nacional do Ensino Médio";2010;"Abandono";2016;"F"
"8add6278c5e03c0dca16d0f3e7e092c5bf08aee33347b2faed5bbc086cafe010d483508eabdcf5913f8fcd871397af81798537bd71fa12b43a639e5e5a053d2f1998646c563d941c93b4fd218134ab50b089393ddab248cef6959b5f1b9f13d64c8ac953ca5875b2502b07181ef274915b81d293d65c4d27db3cbb92b105e8aead5b66c792c38b74e6d9ae0450f9ad633a7f674574f5301cd52f534d87b4218de5b709e6d2e52dedd1fc491ff1291bcb19e72dda1f41a85214ff252764f546a39a40298347570f281705c72313c73d25ea20602cb00a492d9fca63762854c780384ad1c0af78920c3ed5f75b269c9452559fb5cd38388cba21ac60fa7b1fb790";"BALF";2012;"2. Semestre";"BA010801";"DESENHO TECNICO I";4;4;"Reprovado com nota";60;"ENEM - Exame Nacional do Ensino Médio";2010;"Abandono";2016;"F"
"2d395f1ea1e4bac662105a24a76c1677fbd860e821542cb3fe5f06972fc094a93e39747363a272de27596aef3d0379f9198484770992103c851dbf6081e6f5e51771bc122cf471cdc1d3a5a879500110a2eb5e423bcb4c869a86c3699b55400bd7df239a036d5443736c1fa0181566025636dec7353c8dee55f1204d06159f24f21945d99b41590c015197c97db1d347ccefa889f1e4984a463d2c256328a1827772f789b56e9b2adeab1947d0981d405a3643be4954df2280bcd5a5d67c09ee7289ac0b095f599cf50736a72380994fd54ad27b832c2b1dd292e2594aa124d42f5e522c8cc74409150c8a086068f58478414d49565511e2d2fa6e00bc5545a3";"BALF";2013;"1. Semestre";"BA010801";"DESENHO TECNICO I";4;5.5;"Reprovado com nota";60;"ENEM - Exame Nacional do Ensino Médio";2010;"Abandono";2016;"F"
"458afa88584f544ac1702f8c451adc8b18ebe9b772f7d711407d6a1de97c9330de398433e3c7083cb5192b28a97e5b8159db68d9626ae211816f9d3a9af3e94a98a066e135299b2a2b94629def72ddd1c206a1c6f25d55465998aac04519cf09601bebb2cac8689f17c87d66dc7cd3bbd0e0e89849a7346801fbc3786b857404a4bfcd26485dd2fa1799ae537e6a526267f43fdae026c8fb8899769bdc9809a4e12507707b4bb5cf9a3a120c11f1751ef0a89d04d1aab38fce70071966caa0e4fca93692ce7be957290cf000a05da153feb018c54ccdb1cf1e465fdac500bde41f1677db524d9c9aa794ea91285507ca57fcd7880fdad8222f28a9f3f9198985";"BALF";2014;"1. Semestre";"BA010801";"DESENHO TECNICO I";4;6.3;"Aprovado com nota";60;"ENEM - Exame Nacional do Ensino Médio";2010;"Abandono";2016;"F"
"ccd24211c1b9e3ff38b5fe0bb5cfe2cff3305bf33942cdc4cb9ec1f831b71d1bcf7260b5b26053eca7102a6686dfbed8fe001f57a57c630ce79934119977c1562054a4d5d158ad0942d3811424cadccdc54459dbb8e1a46575b7370433a06c36c47b139a7600acd07c28729b31c96fb84fb86373493105176040911a72e5bacd3fb9d1f2bac76214e55f064cbd130ba6bb5850729a2950aa3dd276d9f41ba7d69cdea77f2234a636d3a94af58605e92e020b82d4ae1cacdd4f64b3236833cd4402f1e355fdc23ff6df94f05906e7f8a643fbb660ae2682eea42151680b8a46904cd4931923206b3638aa1718b7c3d4dfb19d7fec70e921df620eb6325577405a";"BALF";2011;"1. Semestre";"BA010801";"DESENHO TECNICO I";4;0;"Reprovado por Frequência";60;"ENEM - Exame Nacional do Ensino Médio";2010;"Abandono";2012;"F"
"a313881c4592c8f67bdcb30416b5aaef242aeae1fa6b5a0f453a911337629e38e6c2ecc89aca9ee1f76c7d759160107da6d3a39eaffb3e15ce768a890f95b6fe98684d74a95bebd82db2025b5ed4a2ee591c6fa6c65caa7afd68f226300fcf89a7d0d3c08324e23b4bad97126c3d3d944ab01bcba541c69941047d4023515f1adbcff4eb4c115e8bbf5345d25f569e70874b5a3a85632119712533629c1b19ab5d67ac81a659228d5f11bc3934159c88972011e859ce432861ef7ae759ee01967759378e33c1ce7165b23f4b55a22dabdddb6f67bba06398fd9a6562c28a284392546314d1bba18a86860f0e023389c2929aabd46ef3aac27a83b0f48376115a";"BALF";2011;"1. Semestre";"BA010801";"DESENHO TECNICO I";4;0;"Reprovado por Frequência";60;"ENEM - Exame Nacional do Ensino Médio";2010;"Transf. Interna Por Reopção de Curso";2011;"M"
"875e7948c53e1386a008ba5dfb3c812cb174857cc88998a0fa0c190b518c752d02623ff82d9053dcc30cb78475573fab3707cf0210b5b59a9abd856f36b7508843d9c6a2ccd690225f7f25cf34a2e50d01539d477a8e35dfd186cbd5b34eee23895fdfd4ce5ac53cc2971d55ad7fecd80ebe70d426982b169fde076a4526a9b3c2e87d84d23b7c078bc108500ce6db1c0b7ea3c69a134f01ed342eaedd429c7508a9b1c1187f4089054974486d7ac2985fd2e5e13350e911542e1e865c820180cb1cd1e54993bab08ba70833444943286374c2c7726455461d174da066dc94d0cf927391f2e2ff66cbf688590dd2dcb4ec9818098550e98123f2ffaf4df3cf3f";"BALF";2011;"2. Semestre";"BA010801";"DESENHO TECNICO I";4;0;"Reprovado por Frequência";60;"ENEM - Exame Nacional do Ensino Médio";2010;"Abandono";2012;"M"
"a2eee4b9264e3f7c551e5897f4e145eacc342d11c82305633448e96dff19fd5787cd6952cf80c70d0e0280a518f28ca20bfa1b2ac91c5336fe417def84110c6d5f6e39b5d5dd10cefa95aeea2d24923c115a4a7655cbc93ceb3fa44d059a48383f531ac8a4b8eaf417552dc0bb11679385fff735dffdf97da9044956cdd3ff162f0ef002556af707e6c007eb8643ecde40eab5f830fc666fc8d75bb3f658e377affe0b72ab122af56a802788a3e78a9ca313cba1765881d6e261f2fc743ce072e793ec928a6ff0f14b9b42e11780cf898635376c7d338beaadecdb59370b4b5301a0e691a567461198735e93e9e5330cce328dd50cd45444c91d54f05959fe82";"BALF";2011;"2. Semestre";"BA010801";"DESENHO TECNICO I";4;1.3;"Reprovado por Frequência";60;"ENEM - Exame Nacional do Ensino Médio";2010;"Transf. Interna Por Reopção de Curso";2012;"M"
"b772a52e1c639900087ca5806514d3a7d529015b034978e2d7a62e216ff565b8ae18b89d17058c46182578ef7537d313254446f589301d72c97a8c2bf523add3d007548d9bbb01112b2320064c62a3e04b48408b0a542488f7d52ff2ea2facf4aae308866a8917f3275d3034ac9b758e8f3fafccefba62adaba5e7e36c6ea3eb6561c335c854b048b63281f6bb3c1b3b89a1ebd09c9997a8fbd1d8adfe2c0e287e07ffeeee13f323f1ed82531608c534016c2aef95c4d89ec0adf5e7ebd81cc7a75bb48d05e8808631494a849b3a6f16ed649a40637a72a288ec64226443c238fca0def334af31b3ea6574cf49eaedf607dfab5076c78669c77e010f61b1e854";"BALF";2010;"2. Semestre";"BA010801";"DESENHO TECNICO I";4;7;"Aprovado com nota";60;"ENEM - Exame Nacional do Ensino Médio";2010;"Cancelamento";2011;"M"
"10c59ce77c21d0f3918d79e5b340d98c101649dd2fb931c2d7195c2b67332e3687fa5db88024dfa835440814aee1c2746cc8aa73dab790213773a930f8cdbeedbd658afeadc371fb3c34f91c435a5082eb447b2b7ecaf7d6dc63438c0d3a4f28a49771cc86d49650a98163e9eeda7cdf78f622ef134afe713b72e69ee89acb2b6f0e0fd949c8a88537e13eaa7d9365cff75af846d1964e766fbfbe7661cb4d8b4d30ce12b85541ab73da56ced52baaa1b2963b70d5b11f4a7f24cae1322361262f6a1bcc3e60946caa568eea26cf4de190ffb17a9cb05e4cd5ebc47ae2e1f6a9095da100639a3eb211bb7c3d2c3c8a64e4517fa27020271d68c338c00b071ca3";"BALF";2010;"2. Semestre";"BA010801";"DESENHO TECNICO I";4;8.5;"Aprovado com nota";60;"ENEM - Exame Nacional do Ensino Médio";2010;"Abandono";2012;"M"
"0bdc8f9e499943f469c3c1d2e2f7888476064704a2aec377892e7ca4cfaf1fbfb395fc1a691e01083612ac9294194168ac4db7c6a5719aa41cc390256594cee3464a90f16fb8fc20271cef9c75bac01def213846399ef1f99bdabac90b3dc43b20ba0d0c234b7fa4e548c4af240127b40887abf4aebb9758187cfea8fcbf2c2284b338dcad35ea58ed34136c204dce893036b0db2574b54418b7e574be73f280722d03c8fba7d904a3690b89fa9e81e83d5808a6f8d2efc64de8ebee0e41ec6a2f04a7de28b031d5957f6bf75048ce5b6f4fe1c5cbc1a25b2f7d345bf003a871a91e2131366ad1d11b47d9d6930514b34ca1c3f030bcbb806308497c9bbb15f3";"BALF";2012;"1. Semestre";"BA010801";"DESENHO TECNICO I";4;0;"Reprovado por Frequência";60;"ENEM - Exame Nacional do Ensino Médio";2010;"Cancelamento";2013;"M"
"67eae6bed9e84ac88b0da55765ffaa529f3ec6a0b25e139dc6c093d5fb598bd3ac20abc17a38a194fc1c077ac86623f0962673af451d83d590e99eac1ef021029e40fad70b16b7591bb6ac56a2a48c966881e158fbef5532b9e214dd34ce671dd4464267afaae1953442c684931ca12188df87dd8fd93e0c147ade1efbfc2314d6248978e4ae354a6ae7a5ef0cb5de39a94f7111160f028fbc32270852c3eb54118393db8a142cd34da4fc36e6136be740498b9257261e5d764e3900e07929815a759bb8f0c96205a1e1635bd3c8e090e907b03910933ad73c98cfb9cf59d1365587f956cf3e36a7779b376a4d89b01a4b139592b434d7b186eb020823748dfe";"BALF";2010;"1. Semestre";"BA010801";"DESENHO TECNICO I";4;5.4;"Reprovado com nota";60;"ENEM - Exame Nacional do Ensino Médio";2010;"Transferência Interna";2010;"F"
"7b903b11653274f905d8bcf8fc40ec44be8d51b8b534f7aef7e41b1cd7d68d4f87eb79cf8772b10bba2587246cf62509f361a7cb34936c892dce5cbb5ce57258507844f331b0b314b290fddfdfa57d9597b81ef5bc3f8e1238fd085f222f48373b18f82cb7bcec4970353a32a8aa73ee69eb972eb72b154fd1228c7373dd8ee797bb6f9e8416bb4667d943df577a91ac80e66118f5ef57dfe95f3f9742ed25c6e436ad31ad4e48a9259c0f096f8e0cb22c2d4dbeb84a882fe1c4fceb76f9061db65ca579c34b981ea123cd1918ba2bcad3022af302b55338c9aa85a67b976b2ce52248d34aa389bfc08795f4e74151d35f2e1839551255517adf25cd81687a8c";"BALF";2011;"2. Semestre";"BA010801";"DESENHO TECNICO I";4;7.9;"Aprovado com nota";60;"ENEM - Exame Nacional do Ensino Médio";2011;"Abandono";2012;"M"
"46f1dfe1afc6981a0f551fe05646642de7dbd1361347d355ec227ec574e3c5dda182aaea86f0cde7d31e985953551de7d1dec6eb2e3d5b482ba78db8b28ec9d3b3c71bf02aa63807a11995376922104cdc023519c895ea90d1837450a2b384e7d33225774319dabdc8beb8c9a16914993d412ea128e6098e38d51c26eac85fbe3e69f2a1fc46950bb56b73dcfad0620716eaff34ea5d329a5eba200bd0796d910c3171744898f886a620aad19043d21b67f357a86dc973e7b238128e0fdbc5e7a05fbbed935f1ccda056d2813f38f4c5a29c253108fffa4f3d34a9b8b0955d350c64ae68c8586893692f746d4016013f1d729984ecbce4ea64a6e23ce8d8ed72";"BALF";2011;"2. Semestre";"BA010801";"DESENHO TECNICO I";4;2.7;"Reprovado com nota";60;"ENEM - Exame Nacional do Ensino Médio";2011;"Cancelamento";2012;"M"
"332fc002fbf07fe978a39493d17635b5f7350204bad7b77ddfdd0b0919c09a445b28edca2310881ab445a871f890e22fc2cb086d40e342dd6739aa885d60aeaad6075119decb316d92bb59bfe6268d32f90c1a6c48cd8c5f87a83837d698d1f6211962bb7078579c0aea71ce6a7c42b76716785f1c5b8d7d9e5c5812994c86fdd8f9237cd15d13a9e365e3155331c91431190eaba038a9fa14d817728047dd2f3db1026a43e4139ca4b11ff32289debf885e1c048b78bf2cc4539fb929dbfd1da67fa7f11a518eb2fd54384b76195f5fbb9a967ccd61e63a4adeac9a33250b0af3052c7b6f757ca83644dfed389bc03604db18107aba65a9f73595044dff2eee";"BALF";2011;"2. Semestre";"BA010801";"DESENHO TECNICO I";4;6.3;"Aprovado com nota";60;"ENEM - Exame Nacional do Ensino Médio";2011;"Cancelamento";2012;"F"
"7bae7b1af9f96da8003d76be3515a063ba81cce2baba0c03a6673ffb9a128284ed2a7ac96b5b8b23bde14d82ee9b5aed84db20193dfeff52fd52985f2c77e9bebbcc61f30b20fdde63a6000741c7d01a8e2502d1871d265e6c8adec8b50e8b9d30250942d64cf07fe8daa14dc3753905f3b438a7a84ee031518ebcca914cfee8cf08b62b8662109b0642df8453f3c63aeb035a6ff2ff2c38a77fc7d8be9b4fa3fb1dbd4fce189a5f83148215de29f697fbd26af382fc49932a392ff1e6aecb3e387110359cd1afc07ae021c1668fc107c960562ef751d9167ce298d2d7afb765f67a8d5993e2dead4450aa0b7fbe63bf3cf4febbdb66c86c21c7fc5be8cff0e6";"BALF";2011;"2. Semestre";"BA010801";"DESENHO TECNICO I";4;1.1;"Reprovado com nota";60;"ENEM - Exame Nacional do Ensino Médio";2011;"Abandono";2012;"M"
"7c8935f04d6cfe88ca15f4f646448e18c6a7d313a15ed49887a2da8c3613b3e63cb260f069950cad9990966fd554b5987c0ed949a31a5e6b7b9c9251fabd93021fba19e710f949c595ddb08295e9dac9aee4c72d5784f5337fb1501b173b59710f9cc3f03f04e7ccbd2ff586b29d956315be09896b35f76300c9be0d7153b120b123884cf9ca22cb176bfd81e9d21c49f13e6d9e5e0c93439ecf9b45a0f3207c53e5fc2aac1f5f3f33c33b94a76d7aff885959f5dd34ec0a51480504d14e97f062e3349cc7dd7c6faee18872ed060f472e952878c9ec29a7f886a16f9e940186c4abea7377ae604ecba8b985524dbc53cfc5f5aeb7c4194c744ca43336cc0e50";"BALF";2013;"1. Semestre";"BA010801";"DESENHO TECNICO I";4;7.5;"Aprovado com nota";60;"ENEM - Exame Nacional do Ensino Médio";2011;"Cancelamento";2017;"M"
"30929e48787aa80b7a0e663f90296e32c0a4db79df3d037e5b25b81df7eed39f06b09e68dbc43eb56764e5e93e680649204a59edd038d8377f74690b4b81d4f2a96dd2e0bd7a413397da529dbf3ea73b055f4a9a499500dacbb5f491125e733b92ab6baf7ce5f8132e49a66920f5cc62b5d3a1534b00d4ecb9110b9f14c688c0e90cf63f9fc20b2fec58b79fd1388b47a806bcc52ee53b4aae2c3ef95d389d9c5c5584f78371fe246d4714bf25bfa1a8fbc115f433aabe55afa3ab6d9cac695170cf2172d0236fd0219b4665a8a91c9819d54261605a9597e1b88e619feceded7c29a03a1200ffb3e53bda5e355907e36dab12301e919bc88b3a394932d4ae97";"BALF";2012;"1. Semestre";"BA010801";"DESENHO TECNICO I";4;8.5;"Aprovado com nota";60;"ENEM - Exame Nacional do Ensino Médio";2011;"Abandono";2014;"M"
"cb63d919f4f8b8c1a1643306ae11d41bcaf54a9b2b4a5f40f2b7147b215bb9fcddb7e64857306d28584f232de0f66ca9371154d449e3de1d2c32598368185808c0de70efa55ae26c036eef8f3b2dda6df2e8c5d561f8e048988ec07d6ad3d104c541296197e3e92561fd306625b25d04a22819b8dd5707a05ffeca5220d69140afb53e1d9afd5bb0b1776013440af4230689ae69d48e3d07b3e71a03e3d0da9ec5ba1ac5bf1a0e9f9247112e37b9890fbdedf9203cf530d2e4cd8394244eacb6f18f42f980aedfea9e470331a427a86ea218cb9a0adcda1f4608d1cc3ad1a08143cc8783cf9478ab83794262e226ae3d47db1c83b020b80472ef3624e83ee954";"BALF";2011;"2. Semestre";"BA010801";"DESENHO TECNICO I";4;0;"Reprovado por Frequência";60;"ENEM - Exame Nacional do Ensino Médio";2011;"Abandono";2014;"F"
"74aef0bb02471477186322affbb4eb591707c754a9ab1617bff14a5ebb86065b3d8e8706ccfcd08d407888c1522f1888b545faaac311c678df214f61726e56e70d4f4d393b2393d18ec2271d522fe186dc0e42acb61084b38606770f2b939b61eecb140bcc4ceb5f4a6d31d4079fcf3e9572195d361726cb7e06e1f66f68aebfd918ac36ced9c507b7c83a1c8aa6017e06f651296e7d6fd1ec273281dd55f8f416d8fa75bd5d91e49ee8c4c93730b749ea5c60f254d857ebcd0b8cd68866f8361cff3307a7fe1106bf469883b15630d54434aad6ee99005c785292e658ea3b5ff9b77ecc409a8b8b04935a3005732f2f7f3d0fad4863059398bb6da9755bdce8";"BALF";2012;"1. Semestre";"BA010801";"DESENHO TECNICO I";4;0;"Reprovado por Frequência";60;"ENEM - Exame Nacional do Ensino Médio";2011;"Abandono";2014;"F"
"955c0f3b2a39ff2362250b7db9b452f4f7819a2fbe48083b4af15ca84413ff1354d5bb3ef5c827fc4c92054c34fdc648afa2966f66aa024f615c4a1ea206785681d2e1390310055072d6cc22a886ff8d1714d1354abc5fa8736245b8a2e670cd90269a11f678fb4d5a84fd1b38a778ba7b1fbcf97006c3ab76e55debe3d334217b894061dc5341d740d698b3677dc7520f6279704065b8881c6ce3345ba321b30974994cd2bd1dc9c3fd40c56367b9af1e26a83ef4a4ed68c8aa57d887222d65e49efb71296ff1d9da18f0bfdd68507c5e6ab5e5e1d456e34f9576dab08a7bf61eafe3cdfb0428f1580828a2164bd2c3ab4a7929e8ec46bcad8505662d721949";"BALF";2013;"2. Semestre";"BA010801";"DESENHO TECNICO I";4;1.3;"Reprovado por Frequência";60;"ENEM - Exame Nacional do Ensino Médio";2011;"Abandono";2018;"M"
"61e2e4bd9fdee3668296c87ec7957d337b9c0f10c89fd7731fe2b41d4af844b58a665e97a3d136a1195b606cd299f878f588698870af59f2ee155085832360978b912ed460a0fd28dcc9b6839dabfaa7207522f719c9293a1a508831ddd7b7b35d7cfa915bfc382802a0832aa204ac47423077f9818d045bbff7d03efb3ba3f02fc1c6ae0214b35779e5fd39670bd7c83f95dcf13d63a407e4e982ade012a78b1d71993b595989f2eec80c9c2d1c67c3059832516ccca2b484312d7c6f47c2b53bc54977f7311444ea6791de3d3c24337670a3eada289a764cde0535ff1fe65a4555bc410bd1e4a853d0c0eacbfab6783e89d178c80ec1a7fb855a62c9d78d3d";"BALF";2014;"1. Semestre";"BA010801";"DESENHO TECNICO I";4;6.9;"Aprovado com nota";60;"ENEM - Exame Nacional do Ensino Médio";2011;"Abandono";2018;"M"
"7abf6fa34efed9238d45be8c403c038898567bef8361796706d17da6386a91798cbf61968d27ab85d40a912b2e8095e1c1320ba6bc836c461eda169ab3972781773705594eba516577ca32c5940347fb0a3ce811d77e9fb503c661c410bd56e6e3ad3575739e3aefeddb16515344380baa02130287c5e79fcd0f88818656c665b4c2f92f88f35ba7158e8178798b464f6cec9c4d73ad5db3f3aeb804b68da8dadfd8135aa3b0bcc223c6567e6f04ba002e1067a95dea3dfabd122ea2ccbea1fbb231d2ea58735533194c8cc596ee8fd94ba206ffaf955a9f325a12a440cb745503b7b19f75f5d56c57f5f2f8d40bef70f339c0b3acfb8f57997747dd19ca6c27";"BALF";2012;"1. Semestre";"BA010801";"DESENHO TECNICO I";4;9.6;"Aprovado com nota";60;"ENEM - Exame Nacional do Ensino Médio";2011;"Abandono";2015;"M"
"87898b1bd22f985e277d7598556fce823e3f95608a583d207243795707b87c118ab06029aaa6d3ffda721741cbc33a69cde6790b2b36b53ff84db2245a51c089c98666478ffc3ccf130575dc5544d491b5b337e907bbd591ad51d054b1bfba61f98c5789efaff13ccdc23050901e482e026f5bfcf8f2dee94baaba59afef713f5c1b19652348e387de109d409e8587ef327b46ab98efc0e4d722521160d02233d751da5731b309c994f456c09f223a64f41c092b9c1c4057f58f27d3ea2c0c10cb40577da150897f46279553c670d755b3578df88d4be6735f102bcf2a85f6bb953b9cd55ff42067f28da7fc29ef27d12c1287f44d77ca5a4b457d4bd622b650";"BALF";2012;"1. Semestre";"BA010801";"DESENHO TECNICO I";4;0;"Reprovado por Frequência";60;"ENEM - Exame Nacional do Ensino Médio";2011;"Desligamento";2016;"M"
"4223884e4a9e21dc0bd77ac6f0eea4a2743eb37c163e00d575ed8c10ef9adbaebd726258e96e2aa420570ba50d6f60ab904919edac3b46055a43a8b5fa46dc7155548513051623268bf8d414bcafc5d717320aa09350c7b69fd0fe5b1e7db8ceb0f35c8e12cf387e309edac70ec3cabc12c73c1705b78e21439bfbfb5968ba98e6151449b58d76036882e72ffc2394738e166389f4fca717b4201e0830f4261aedae450dc39cd5182f3e9500d3e438b0891a4943b3ce5d61c575ec7a8bf9ce1dbc46fc8cb9ba5de06d4520de577c26dd1d183672f8fbd86832aa07569fd53a5ced0a5c6c3e1b9b577da346ac296b5ff36f856692c5d3f8fe3f39d0726fdd3872";"BALF";2012;"2. Semestre";"BA010801";"DESENHO TECNICO I";4;0;"Reprovado por Frequência";60;"ENEM - Exame Nacional do Ensino Médio";2011;"Desligamento";2016;"M"
"864b0323aeef8a951cc7664c275f80e91ddfc013d8aa928b50cd5f801c138b3883b2ce235927f54c4d0c3212638b0aeb990f90815267bf4cd57fe367432e6299e4d44b7c079dd0a5141309a636f65c6ed3ff5e57a11c91b23b76c8cd03104abc436cbe2c3a1bc2ed2e4a906f64a9d271f7c0010459031f82dcfdef3e95ca074115f32b66762fbacd010472203782343131870b475e7ecd9d3e2729919132b4effd931c7031f2109df259de2a1cf0c5b6589d27a2edaaa1062714501b73a0738be5ffa82e0c637ecf08d7b773853cf673de09f317d95dbd3ad61143934219c89949b6f7070669545ed9dc55e3cd3d6dae43f481a5b79b988046d91577f50080f7";"BALF";2014;"1. Semestre";"BA010801";"DESENHO TECNICO I";4;0;"Reprovado por Frequência";60;"ENEM - Exame Nacional do Ensino Médio";2011;"Desligamento";2016;"M"
"1bb82ca79ebaa248b2797308e15e142739bb79a9b42437ef43f9e828ad47b0383f93070c021625049cdcc0b7adbde299fbb33ba71d988c9518e4607d9e128135f4ecb0c8cc74e0d2dd7f11837576fd59aab74d573fdf79a0e96f68716b09878729592bcf3e643135af6b72c61964ddf3157cd3eb03c485e99667b3f9caa0631681e021e0418a83bd957a680a2bf867ff17dd398d6d83461dba056c6e3d5df352007cc5d3811755e2a9f1aa63a252797a789bdac9684afc9bd1904ce1fe623c540f9a0ad7859ce1429fb340a66a898219dd864636e3db71c8dcc7ad2b3f2a6a697462c4707352b072ff8d00fcc104f4f9c7855fe1d080ecaa0a73e7671c7020b7";"BALF";2011;"2. Semestre";"BA010801";"DESENHO TECNICO I";4;4;"Reprovado com nota";60;"ENEM - Exame Nacional do Ensino Médio";2011;"Transferência";2012;"F"
"32698b59c84abf7e44b6fda717c254befc4f11ba44bc1e98426ee0707b2a752acfcfe96d06de5d785e1955df593a4968d052fe003d7f61428db7524871253dd3e71dbfa26be720add0070cd5e45049f0002d72487e22327eb8ea8780389bd6621bcfa8220fdd896f700897e5d0efc89503a1080ae77196c9619dd267e1df1a2f98add6bdffadc30e6bc77a17926c06c5713f8289d16bb2f057b4bcc0b3ac252e4ebe2eb7c999f4d44fc2177dcba451f914250ac3afa66dde1c2dd9990b8698851800e4e5e0cecd0358e46a5e4ec65d34082338a4c96edadca1b07d40f458e7ee020563e37ca4ae78fea3af6231231aa0dff9e71a3189c164dade929ae61cb14e";"BALF";2012;"2. Semestre";"BA010801";"DESENHO TECNICO I";4;1e+06;"Trancamento parcial";60;"ENEM - Exame Nacional do Ensino Médio";2011;"Transf. Interna Por Reopção de Curso";2018;"F"
"c89e3cc833510d330bfdfd183a2c7562736cc2892da3b7b721f0b5fc2b462929fcb16d58620eee7fa5bed984d63d11dfd2f0f681e94c23a1d8ffcc8a08182797e364ed8c45a93ec17ffc868fbc6db7a236cf5a72ebd1b8d13944242e28ae1aac03a08afce1e80a1a2365f9d3a604271f4b274666d93488e47a94fc653e3ef54d2ba37e029d0b0e5f0a64844dd5eef0d378a62215f5c6949e77f64633ab926c2ed1d63a4ad3c248a1fbeeae7e0dc7d069aebc2bd99bea252314c31aef83bfd5382d23178f9e9cbe78900e1a6c50331cd443e7738a48a8d73a7ebbac2f67c0458a47bce67e7294c62e81bddd2871691af99643da5f01788142c5f41f786b9f1faf";"BALF";2013;"1. Semestre";"BA010801";"DESENHO TECNICO I";4;6;"Aprovado com nota";60;"ENEM - Exame Nacional do Ensino Médio";2011;"Transf. Interna Por Reopção de Curso";2018;"F"
"346d073d4bd344fb656c2f9654ce737ddfb03ff9b5a27699bed5b89a9a1683f20ef01fcc87d7680e99c45c884c236c7180b753e1293e3cd6c24df804c2745d31b3f74074be0b0900ea132a1c482953131e8d8e0c3550f502a40a5079bd8c24706f531a9fb4c1b6e67c393df4a9c72b4a3d9dc3f96a08abe98521cd10fdbc017b23f572656847b17268f08398c0797be0ffcfad740c1df2b1da6e020bb40c433f8483a8804f0e31b37de2eb61edacb3921cfbb55e1ed1105b3525cf0aa85355c0b75f820741a3b7f050d0508d6f2bf70108df3d7b87508f163ee17d5aa034793844523cf7ba5257722d59f7e2e7ec3aabfc3be6a6395e15d4ad49e5851dea5652";"BALF";2011;"2. Semestre";"BA010801";"DESENHO TECNICO I";4;6.8;"Aprovado com nota";60;"Transferência Voluntária ou Externa (oriundo de outra instituição)";2011;"Cancelamento";2012;"F"
"173e946b4af1e2a589892b7a2eb3942a820f4da580387f50876c9cb5a21eaa4ec80f382a088ab977169cc181b999d757ee0342f54054326ea1b84976bc5b158f563a7fe55526841189e1ba110e2dd712abd9ceea7b3bf6491fea83f9f6a8853c275f00df846047d44ab99e9b14cf79342b40d3a6eb28f16a791332f206a80d905fb7e0c923629c2e37c4562a64f974c4ca080be7f23937c53342bd040d2272d75fb3c02a666fcb3b6e872a91ffd1fc73c58ded7be44974757bbada20282550836b70c546f2b090240c90ed17a938f16c4c92170a9cfca3a99d2c8c04108b351c7da626a74b85c9755b0cb295f78604a9ea8dad453603abf3b5d74c56636b9e56";"BALF";2011;"2. Semestre";"BA010801";"DESENHO TECNICO I";4;1e+06;"Dispensado sem nota";60;"Transferência Voluntária ou Externa (oriundo de outra instituição)";2011;"Abandono";2014;"M"
"19f9b8735c210be2b0c2dbea6283fce6ff97f1ed2b1c3afb146f39ecedbe3d31a732e5f2a7fa81ef2643b85b4be9a566a936943d4c4c097d8570c48f4061e0a70c03f38b5d44cad260707c0d160f690e6fdb1afb05ded08842fc17b374d75ef821b24b0b5d8e37f15e045b5337f4093654f9c2e282a3dccec30a636f90658b473ac9e36c186b316068c15eead1cff581d40d6c2bc61f7454911b2597864e21707c40e71fb9e41be90ff17f00691da3a7d63dee54815120170d8426a3fc32051cfc65385d35a80baec0e7aa87750555390cc70b0876bb64d9cf118f61b15c1d4996d0713e71e41671a711a4a4544d9b69d27232df4d0f5f1b608a1923379dfc59";"BALF";2012;"2. Semestre";"BA010801";"DESENHO TECNICO I";4;7.5;"Aprovado com nota";60;"ENEM - Exame Nacional do Ensino Médio";2012;"Transf. Interna Por Reopção de Curso";2013;"F"
"c30047d64a4e04537f4158e9e545cee9b2f4f0a8448cb1c285cb502eda1b853c85ff3c5ccbb42735c64976e3343576b0060628036225d43277fc95402c31f333917a835f900b72ac79325f86eb508546e6638558ced94f906085cd14406296793c8798b854cd1a649f1f8669c7145cc5bd451df81d4c687fafad4346580adb4233c94c4abe73960c9829d46dbf57a175443b99b13b17289756e4c51f5c73836fa666032d9fda8079f42d164abaaeef8b6787fa7379ccfabdde6db5b062c34bc15b760fb295920dcfd4634ee3fc8f6b3f62942ea710ff1b7a17a632c5d9f795114d50aea8e7b33c65c1f00b1456905732305bc7822203f36615aacde226cbdafc";"BALF";2012;"2. Semestre";"BA010801";"DESENHO TECNICO I";4;1e+06;"Trancamento parcial";60;"ENEM - Exame Nacional do Ensino Médio";2012;"Cancelamento";2012;"F"
"4bedf586bcc4a287bb8d8b46b6fbe325cfb13c0dcbaf522bbc4e5a51d6eb8c8722f8ea9d5c6bc445e4e7ed6bdb6235c7bdd71affb7bcd6506a0e3789c4eb05bb87faa6e2c66daefec7a90f83d19023d037def442c4c32bb426536ed5acb28a6c7cc68733aaeb5db97d3dd6cc5eb8bca63a26b518d15176c84ea575e5dd7e82a9f838185c13692f480469218a0666729d569cdac08f40f8a6fe40a5176d7bef130af2b42eae2fdfe1ef47ab9e153411e562c97ba4a201919f38848e90718650b4752200c2ddf5191bd7b474bdc0c437f99d60744a5e44fa8daa64cc06ff898d3abfe65ecf2cc4aaba6f348943f4c83196266dbfe2dfcb64fa3bc5614d69c1b941";"BALF";2012;"2. Semestre";"BA010801";"DESENHO TECNICO I";4;1e+06;"Trancamento parcial";60;"ENEM - Exame Nacional do Ensino Médio";2012;"Cancelamento";2012;"F"
"26056486b03bbe425603325507f8012b2bbd3fe1d508c26da87b7787be79d28b443a7d5d5b26eae0c9dfc94f308dce576a409bfece2aa3c2a9c75eae42cef4ed23bcef3ea2373c387631703e320d92dfdca5e195c8b0c1a272274e56c3c10e80a91c6463c5e7a2c1d861e60818c6903ca6b58f5d9df705262904e2a92e87b16f1e14a4152fdad20173194a72d47cd53154c7593de60255e4aec341957e37a3e39055c3514b69afae7110f23cc59575654690fc7b10f91e6e014417a4259e93c21a3c159120129d01cf555bca426fb3b9af9a4f1e2597446dd6233644826ad0f078ff4873b1317c936999bc12110349b988f759b19cca4a17273ff5dbd9b4c887";"BALF";2012;"2. Semestre";"BA010801";"DESENHO TECNICO I";4;0;"Reprovado por Frequência";60;"ENEM - Exame Nacional do Ensino Médio";2012;"Abandono";2013;"F"
"e4fd20e9a1ca33d98dedfa75197a462d652e89c161f448064fc44bef40d9caf1ea4081015d17ef4c4aa7ec5357f711de06c33cbee77be203efcd72d7c773ec0fee293b67266e3f19b3db613b0b8a8b5b477e693fc5726fd99aa04b18616372cc4da2d4f7ccd4155db4dc9508ec48786017d24da6ad0c78f52b64c872018a3adfd1144602e7b5d5249ac8c3b9089d153ebb3058182e7705c5590b7c22787e331e8d420abd8cc1c5236daae143510956de5bd021d4b68f256e59c80369645b19dedf9fdd4ae1666b6b6cefadf4bc42c676f1c2ff108adbfa780d742a55e56f8017f49a6ea19102015f26c3bca8d0834c3561f9ba769190c6198b05d4146513fca4";"BALF";2013;"1. Semestre";"BA010801";"DESENHO TECNICO I";4;1.4;"Reprovado com nota";60;"ENEM - Exame Nacional do Ensino Médio";2012;"Abandono";2014;"M"
"bac09d060aeb5839b08d4321e38f8ce587fe9ba0414fd5e7d5cbd76780361318b1620795bf560761976455590fcd70c20947f606dfac045af478d767467c966f4740e7db43f57650a72814d827df91b4d7ecd57b83005e0b1a5910aa6092b58d78f91ae0b59269acffc3ab099f268a1d3fcd581b96db4677d80fba21115edbb4e63016fde163e16d8205a35c4ab18f5421dcb02d0032a9f16b55c912c2ebcd2e989bb3cf2a672457391978d0f63a135cf1290416e03a8b4fff7a67365b32598c5c9949fb96d0280a1c23b9c6e73be0503e915f50830c181181da89dc0256aa958273375e3c9b9ac97130035aa63d275a2bc6dd3a5e9fed754a94aabb18b76bef";"BALF";2012;"2. Semestre";"BA010801";"DESENHO TECNICO I";4;6;"Aprovado com nota";60;"ENEM - Exame Nacional do Ensino Médio";2012;"Transf. Interna Por Reopção de Curso";2013;"F"
"09bf6fafd1b052bd224cbfdd4b21940db8a0f503ee4a43bf965b77cb7d49e05265129c963a71de0e6548b4ed85b58f9a804de0ec596473032b3ff6a7e25eab9b32c6740fdf21993964b090070931f1cb2a1560a8744de2b35e71ea8122fd2f84cddda6b690fd1d244ff28500a417a7e307777c0ef6fe7c64616742704b8862547018d42e698314bfe7781f9497f89186cb801fb42e52201e210e88380f0b407fb5b1000ade349ed8b7c8a2878d9c7959dd77bc8730fdac05d16ea85ceb3731e4c4f06c71dcf909b9e0a893d201ab0cfef9c5982af2f4e13cd1e259a2142d841c30a6beaa46d4fdc6c293fa20d21e7c74a8fb8e10e9e07019ba597a7321985f3e";"BALF";2013;"2. Semestre";"BA010801";"DESENHO TECNICO I";4;1.1;"Reprovado por Frequência";60;"ENEM - Exame Nacional do Ensino Médio";2013;"Abandono";2014;"M"
"caca5456abfeac32744523eef93022266d512c8132e38a39d0424e684e0595808df8ffa80e57907ac19c303d7c6a9bb19c56c1779b4d5d9ec92ed04aa62f395e380951079356edcd3f6c09a41c2e4b5b9885f082d490fba8354e03fc3962783b0736f0b6fa00a1acdd4846de2e0a7cfc11b18b2685ea0f81945669a4977d562cd934f4bfa65a28ee55150e1b0a3a8372a42812a0a5b4ca8bf56caec7d66c01dd2086caf028e1eced11ec9f8b0876680c427d6dda85eed9cd904f3f1b25d3b20a82b1db9b0902b6dad17458d99d5aff31f882d88ef3b775bbc99c5fe613d0050d28e5064730470b4386c76d79c41aa4d4dd395960c8aafd5b230c3c4484636e83";"BALF";2013;"2. Semestre";"BA010801";"DESENHO TECNICO I";4;1e+06;"Trancamento parcial";60;"ENEM - Exame Nacional do Ensino Médio";2013;"Cancelamento";2014;"M"
"6723d4781e807eadbb2b2c25d78dca9658973b8131ff81c54daaf6475a5786f296b074bfcf7164729812e2f13dedfec79f2deb0ff05f148aea0ca1f0e78c395e96daffc7dc3a72d102e1c9db5df87a6673d84bcb1037801ebd42d1663d70c3be1027f701e62a10c54cecd1807b7507fb127bb4838d4b210bded1b0ad70c5a6700d45981c3ca74e5b92b076bf73d5047ee07d1898e5557063cce086746dea9e3b56d721e92c9acf5d8ded9dc1e07b936c0620609f2f6361ca4089ac25914ffbaedcc501969169619825765cc6590b394eefaa24c0d8e7e7c1bbb7794f09d6941cee772db165ad3204899563f510e8a10a0af126d912218e1feaf0590c08a763d4";"BALF";2014;"1. Semestre";"BA010801";"DESENHO TECNICO I";4;0;"Reprovado por Frequência";60;"ENEM - Exame Nacional do Ensino Médio";2013;"Cancelamento";2014;"M"
"e2ce03b46e867929942a3db71e180af71f714bb3f0644ae267e0943b547649ce6d2a8e833b5b471981bbca5d7833e33efbe5f6c86fba9fa388f1d95da273b9db10bb6aafc044f6375d3c624ece5773007f26638983dd8622c048749afbf2c9d6ae22d5cd16e8a8e0d7e6c6f166916a5ed133ea0381c2fa37375549bac84d60e2922bd8a021f7e12b62630c268879ddceaf8f54af750bf63d7870b887baf95bda1294524dbd7e94090ba45c2d6766e4b1b902266304f3f93a830cc30fd038cd0779fec1e53464a71ed58ed2fecd98792b57f76a7ea689d2060bfd93c57e30347fd30d76ded9b3048bf67d95fe934e2f455c1bf8992de7be0219c43fb82ae97581";"BALF";2013;"2. Semestre";"BA010801";"DESENHO TECNICO I";4;1e+06;"Trancamento parcial";60;"ENEM - Exame Nacional do Ensino Médio";2013;"Transf. Interna Por Reopção de Curso";2014;"M"
"2f27245bfe5f52b24b726f3b502e5129213b7722ef0fd94f467d10358d18295398b7a45edde9421bb696bb6823eb89f6f55dfac0835bce0b18778db68277922e9f990bd0b7a21f65ad0ae1759185f2b7d05088943d3b4d74cfee857b004eb0c44a12cb1026c49b8f18901f4e402d85efeca4c3b7454a02e6ff0f96d45d0693848922ba8de58fac0e6bd7cbcbf25c719d8bfb114437832fae81e00ca29420a6f6a4b66c7ecf5085d1e49c117114a9ac797885f7b3c194dc84f9498b885630196afc7838924de669c3f7ea1bde51fa5f02be20d301c9ba8a84f3eae3164578f7998087672f8eaee07cbedeaa02239d0e95aac3ef99473a7ac1222b297f678f8e80";"BALF";2014;"1. Semestre";"BA010801";"DESENHO TECNICO I";4;0;"Reprovado por Frequência";60;"ENEM - Exame Nacional do Ensino Médio";2013;"Cancelamento";2016;"F"
"ac9113bf8cce54df5f509456d318729f111e707732c03144a837019eb82e361dcca9739a70bfbe79917a211d13dca65c060d0e0ebfbfa5c9e6bfd5d6db653c924082d4cdee9875d2a118d2dbdb87ba4e48fafd49186a8a8eec78c42cb7f72b30a60eb9adfc27657c8942e80a12e4666aefd349bbe41501a7e69367dc30f3f99b99fa86f13ff50093b7b5486ee830431b3c9dcd3a8ea950d6162b85c554d9ad28c98dd30cfecf8c5d58fba592bbfb167d937d354bb2160971d6b6c563a7e61f18c805f643bf2aeeb577605aae879f5e22e135cd7a1a8b806899da9509eb3284afbf29d08ef88f7af1173f8968a3dd871bb6922c6eac9f1e27a107a8b212fed8ff";"BALF";2015;"1. Semestre";"BA010801";"DESENHO TECNICO I";4;1.8;"Reprovado com nota";60;"ENEM - Exame Nacional do Ensino Médio";2013;"Cancelamento";2016;"F"
"532be1ab16ecf41da28a28c0e43b5c4bf42b9442aa0215fc3b89a7ce9803275153e322bb17c75a99aeac343e14906572c7e9eb97194cdcce71fcef35161996dc0411550033fccdc84a3d7e6844c6f428148c392ab2a992a99b24033c1360f2d634cd17064d90c266f045ef9bfda9e8319efec70a5670e4c775a1cab087214800862bb6df7a513e4b57ef7a1122795fffc324a7df8124a7f34c034fd94aca1ce51b57902d8f9011ddd8ef66befa7a2a00b630367d6dd1aba5c353e323117a14f3e9c64ae50769649930ce6018a6ceaab705791b81386d98b594b918767380d3256bf994c327cb1500022efc8292a1db1185db3dc99d4316a896edcf76d73a8a76";"BALF";2013;"2. Semestre";"BA010801";"DESENHO TECNICO I";4;2;"Reprovado com nota";60;"ENEM - Exame Nacional do Ensino Médio";2013;"Transf. Interna Por Reopção de Curso";2016;"F"
"75106509d4b23a6c50069acf7cc01e3f182e57cc26336bb309240ae93404fbcb4feb8180ac35fff219687e3979dcb42a2f022ae242d5a8244838bfc35ae644c21b76db60c6c9316748cf5703adacceaac5d2598883f0727763003abc114428333d6c830403867da1e63373e7fb93df3595d8da57a8ee4762f33430d746d78469dfd0d48408d563e58104adf7344ccae6371e1df821c9c0d018bbd468f52b48c80f89e5d9f5b15581f9e555ed02a1f103737649be61539be9160d6acc40ba3e4706d8d25f37300b5c7b137641d30d217f90db3ea94b0d84edc412bce5e4e7ce02266c6585dfcaf0f071dd469c507e3dd8340b879905c71fa645d1f294b831d37b";"BALF";2015;"1. Semestre";"BA010801";"DESENHO TECNICO I";4;3.93;"Reprovado com nota";60;"ENEM - Exame Nacional do Ensino Médio";2013;"Transf. Interna Por Reopção de Curso";2016;"F"
"50a5e500025de2d42e9bfef2cdd6074587cdf7ad3d80ee770b6fbb9cbfbb8bb87ab181f16f42cf4a878edd99a2d7ad416bfaf2bcb54915e17a99a86dd0a46f6c87181f4dda43983ea7237ca8573f74fa5f0bbfc7f9f3ff045140ba0186878324b15646125fca7d50c4f9afd41d35bfae19030992e3a07e525e76e39d5789c8d5ad04d9a77b507f6329c60c324325f1f288311cbadd4cc7568f43e9d6453b47fee4ab9326276816e965b24c09d8c08b17c047159bda41ffc311172a3f8121d9fa5efc7276cc285d1cac51e01f0d171074e19965a94a853bb8a5873d9bc0d9c39d1ae371d20f0d006c3ba91d2bb81c729470ba5e21921f19936ae2b6e11edb94a0";"BALF";2014;"1. Semestre";"BA010801";"DESENHO TECNICO I";4;1.7;"Reprovado com nota";60;"ENEM - Exame Nacional do Ensino Médio";2013;"Transf. Interna Por Reopção de Curso";2018;"F"
"976cdbcd568a05d3ebbbf423276b709beaa2d4603c51e03aa1dcb5a1127675fa626911696c9300da8f06c5b8e2ca2d3fef621544d7a4ef54e6c7d8a062e73a8f76bf9272d0ce2f8fb909dba84a91b822fccd879623883ae64090336e810f0a2ad4a29293819aa747eca1b4f988a6a8e91a7f559afe15dddc1800009896c2967819147dc2907f90eac86adcbaabaa738ae176145eaf8dd032f5a6430927b62311185beb9d75162f81475de403e6d4dfb0cdd3f086083fb5dbfde11908ab77ad753785c518cca9cebc166fc7baa2ce4cb183010ee2f5834cc5f085c96956bed030ca3c4cb064eeb5429bfc7dd5ee697f9efe11cca9caf186d61849f411e458cd2a";"BALF";2015;"1. Semestre";"BA010801";"DESENHO TECNICO I";4;6;"Aprovado com nota";60;"ENEM - Exame Nacional do Ensino Médio";2013;"Transf. Interna Por Reopção de Curso";2018;"F"
"ea51f0d7c29fa5271d8a2667cd6d035f3e62c517a431405c23cf03f4daf54bac511a3184fe4ab9769b0c6e0805a446a8eb709db43c2bed8231f7e5c4ac182a02b1de421459c58dcf59303872b0bb58388ae9c8abfec8331436894b78ef4ab574d16c1b640d7cb838fa13dd9a7446c25c463bfa1be2153fe4c5f416cf81afb08533f82ff9ac05821b158c9eee2f53235ca703d8ab5eaf7a623083608c3a5672f50089627372691cf1025422a27ad4a10a0d3bea166eed028add01217fa3a60170fad5844559df1c314ae15e9adb2d4b31c35682ea4851f64a853bb022310171ff4e5eb9685a1443617446f4e47bdad1258dd8e9f671458ac2580fa5349755d402";"BALF";2014;"2. Semestre";"BA010801";"DESENHO TECNICO I";4;3.8;"Reprovado com nota";60;"ENEM - Exame Nacional do Ensino Médio";2014;"Cancelamento";2016;"F"
"1647dd92af1234728d99f5191cef2c25d2ee7fc575c6c3954289694bee65c84164b51e396d802ea54538218b2302f4d54aed1ef8ce19d15273a91cc88eaed6fa355d1410daa38a73382f6379651a7c36162577c768c17757046032b35e56a54f13a1351347708ea7176c75162cf11c41ea63ef3db64fe2d88e11ec027387fabe96f586cf2fe87c8fb412e9f66e7b53803b08c1ecc851af75120a4e2f6209ece80c0ecc2d2deb9ccaba940dd56a62a16a421a37b00bf37b5e35b9126d6f7b5609338ad11397de0925a854141becc0666badd3fe9e8b980b87f8cc4f49a7234450ec69029c2413d177253696b0d97ed02679e970a69c54f1b51f6a2bbf38df100d";"BALF";2015;"1. Semestre";"BA010801";"DESENHO TECNICO I";4;1.5;"Reprovado com nota";60;"ENEM - Exame Nacional do Ensino Médio";2014;"Transf. Interna Por Reopção de Curso";2016;"F"
"0821edbed6b5c8002ee5978dc61254900175526bac431c98578781cbfcde110fcec1781806a8773e806509cd78e93c24738c9543712307d717cfb878c4931aed2a94a60dd73c42745db3ad06f1871f0879f153f041fdb24a75285132d23c9378c742091527bee685e7af4ef41b7e4ac12a4bbe8fa888703e474c6e2956c12e725561918784478ba2e5aed7499059e2690fbf62ba13e2e96f56a5f900670663348b1d515d205809bf8bbbd39cb63fac257595a6fc7b04cef559dcf186926d9f8cb1dea593cda0ea9ab1e1bdee79788ff8f664bb23865522435ab25fe51b7a88a59aacf65b341ad5138df77af5dead7bb2daa17f57c07a43e7c335b55667446eaf";"BALF";2016;"1. Semestre";"BA010801";"DESENHO TECNICO I";4;0.6;"Reprovado com nota";60;"ENEM - Exame Nacional do Ensino Médio";2014;"Transf. Interna Por Reopção de Curso";2016;"F"
"269c75f2668073ad3b70f382528024c20b216ba44f4003a7d2e2e769cd9b03d2d73d60e73ae81d4025265cde3a86aa503ceeb31d6ee546d1276401d981e84e765e64381a639ed5274d6678c7fca10ba0cf929773cf4fc9b0bc4b36ba0f5c3f0112c7f822f143c9709edfabab0ca33ab7e47ebbfcc05a267578fdde0635488b50da087eaaa7e3b4e4f528d9800d4094677179c3a763930f40c3f208b0c04ce31ffa468f1a107d9390b34968763f9893d2a7b872aa14a7170f60dd9cf7ad2d73e4b107abe81412b791fd2df1d5c25d6af07b198d3cd9073c607c7491fda118bb798c1ce7ddd46e7329702e021d3f7a32d6cba825df4cbc65646b4f68839f3cca7d";"BALF";2015;"1. Semestre";"BA010801";"DESENHO TECNICO I";4;6.2;"Aprovado com nota";60;"ENEM - Exame Nacional do Ensino Médio";2014;"Formado";2018;"M"
"6ecc89805cdf89f4965ec3d290ad391dcd75814d2809ea3071f76b1be8e368dcccdb1ff3109d525efc0e2b72f8cbaa0c2a9a0bc1510ce5401dff2bca8ab94e924b912a14410b80dd46fc2d082d082c605e249834d9c621eb8cf8b21b6a1033c541b0bcce7586bacad7ba8fa2228378a9475a65d20ed999f8bb44afc1b333651756467180298795963d62f5cc854a14865b77a22a061fdb53b2e363ceae1ceb68d4b9989324409ed5cf1a7adb5fd99190e102e576547d1e1e78c48d373a97fdbde182cb4b15b33b953503345bdb27b6afdba036032099d3490977314e61a5f04cbd754c9e17f61a28df09fae287a49d49da7deb79aef677ce9c27d8ef3ce4cbd4";"BALF";2018;"1. Semestre";"BA010801";"DESENHO TECNICO I";4;1e+06;"Trancamento parcial";60;"ENEM - Exame Nacional do Ensino Médio";2014;"Aluno Regular";NA;"M"
"eeb93eebd70d082b7ec954e2e5eb9b2f45547da34be0ae7ca148a1dad23c7864a33973efc9a1565aca62e23165f72f3cf581ab7ed24671752288166537cf32150a32740b17862ffb3381ce74dec834f4ace51266d86332d77a31d2f576060819c122a479fbb51ec9a049c2255b2e922b513eb680166443dca810792240d1cc37222234b02cca5fbcc3d2bb86b45e3308880980de43c32b623da23f7680330b72266cda5f81e900a16fe4a807251d6ca6e1e87bfa3ddbcef54b2f88ec51cbd89f12cb9ab84bacc3460669dcf5e9d627f83033bc0b114cc65563588e99d5176432bc40156a91ddfaee02bce6a3e81e07ea8b26ff10d8212d589652c1b91531fdaa";"BALF";2015;"1. Semestre";"BA010801";"DESENHO TECNICO I";4;0;"Reprovado por Frequência";60;"ENEM - Exame Nacional do Ensino Médio";2014;"Cancelamento";2016;"F"
"c34fa8c900bb9c2433650921ee6530e5107912c116564c4749caf6d616e608522edbe9cffb61f04d0eeaec2bd3bce95e0cd23dcc027e437bc2fa115a0a34ede7c1a89fc57b1927318d4fcaecc58031418ff5690e97d4342c6065ffdc8e67e34cdb63a8bb387097dd86e1b23a7dff8a0ae611c37d93ae37d5e0df286d9ad5930a30554817959dec153920b562352b85190414c1d812328cba76a9e93f022f0a3c784d6aecfd503845c3e1cd57bc95f93fd08b5d64b83783d145d8c59ede0823656b9e8c8751372a279c7534a3d3f29ad6779b5fef7b56fc4ae627a3e7ba306ecb53f23ef6f55319f1a4cf3c2f270132b2f44dc3cfcd6ca181e332da93c0ac51d1";"BALF";2016;"2. Semestre";"BA010801";"DESENHO TECNICO I";4;1e+06;"Dispensado sem nota";60;"Reopção - Mobilidade Interna (para curso/habilitação área relacionada)";2014;"Formado";2016;"M"
"0b2cf94e842be059a0e5cfb3fc112f5b6bd57354dcec6c5e2ffcb62631415894527ad866fef2e0ef63dceb374d19830ca7dff83cf0ab655eb677e41bc35604dc2bd4c13bc988477f60d13176d3a70217020ddbeec766d4a6a769707ec7cfadbbb753266f12d674e328fa3f670937de8a59f4e45332f09a63ce4a9afb702aaf3c4190663d62f7bb68f3d42f69363f5474d50b5d695fcd39c5789796a66cf3a349b32ecd0fca662116a2494dc515d22df826efe568a29a6392bc6252d1a4e3ff8f73f7654c3592d4719041f866c16b842e57421501ab712837c6cc6f41a8f85e671077324ec4ddb711b8105b70e40f438e6e396b19c587ce95f96cdf4ea615049d";"BALF";2016;"1. Semestre";"BA010801";"DESENHO TECNICO I";4;1e+06;"Dispensado sem nota";60;"Reopção - Mobilidade Interna (para curso/habilitação área relacionada)";2014;"Formado";2016;"M"
"a05120ec385f2fed6974e64ca6f50c0d4b86cb4597f189abd0087c19c5c020e67c3fd83028a503e4360ec4f4ed2cfa1ec47ba7465f3c67f240bb3f98cef01020263a994b4126722b93329d2b3a55a2ce095f0893defd3735d40a27b111d1ed1992ff5f18ec5de30d84deeb0b786e5cdbbb49fbe175ed2ebacef05cd8735ec8e03202fc908432557ddfa2138c6fe32e1c813fa3bbeb923b8b0f9df1d4e9960e5fa5d8dc0628f626892f7e0f485ffd7571365d57c2a495912a0e15247f452f0c78a354aa8ebee1dfd6c162b217a61709fcab02555e2d631c1275ad0935a5f6ace62cbd6519a0421fc56b9ed8057435b3c9c587804bb06792d661a0e858070a5090";"BALF";2019;"1. Semestre";"BA010801";"DESENHO TECNICO I";4;1e+06;"Trancamento parcial";60;"ENEM - Exame Nacional do Ensino Médio";2015;"Aluno Regular";NA;"F"
"1a133fec9a8a75a65d14b040435513e0ff675182b793008456b69cfc3226396f14b0725a60b37a118a858e8bb7b54670e079f62e12e1935253473cd54bfe441512018818a47b46f0ec1f7f59bf2bb58cfa4e128e0cdacd1454764496ca840bb31ca3ed18d53b7fb8746a08368e866660263fe3cdca56861aa396ca5b3b09ff54d084923479349a623ada7ff1eea91c4fe7f3a820880bb39ce7fea71294488f550799b29fc7aed363ab88581b1a0306d9a2752064137e2f00e1dcc1c68e0f6601629f8026ce352e229f94bc66434503ead955e00c4b09becb74b5299d6a732ba9f7f7a8bc9df379899c0b4f4e52f05bbe2fdb4f4f5376ada0c71ba7ae61fd337a";"BALF";2017;"2. Semestre";"BA010801";"DESENHO TECNICO I";4;1.5;"Reprovado por Frequência";60;"ENEM - Exame Nacional do Ensino Médio";2015;"Cancelamento";2018;"F"
"4831df7fae92db6149ae8808e66535f4033a74ff83ee0c0d4b5c3173889a52ebe4c95dd814e2dad99214394e89bb47ee9e44d5f88ca0b15c6ba7384bad785059ef642be1c5609cea211f63e6372f236400c59b69cadb71ef2fe037e3a96be09e345dd580c8a17fefb1559795db1b60c237684d830cd61f4b834569422980a3334b1b47532d2fac47b075a766cbeccf4d75d3c189114b2e5c4e4b86af4673271abc93a565ebbb25dbe8b2eb18001954455d52e2fc919c68a21a1fa859a9ae04e58549f9f0500a6fe34158d615bb5741d41e07dc9a5e754310dd1b9662df9af16117b3e8d3ac8dc1fb3010b1ee1e2e2cf7502ff659c11407e699088dddb60bae12";"BALF";2017;"2. Semestre";"BA010801";"DESENHO TECNICO I";4;6.5;"Aprovado com nota";60;"ENEM - Exame Nacional do Ensino Médio";2016;"Transf. Interna Por Reopção de Curso";2018;"M"
"be13bbaa999749939a139e04d9f0e4e3711a0d4efd2863415fc4f920b7fd5fe5f1114b8a7320bacda2d1c7d7ecf11c942977f67ec79b511e8b42675775ca6429fa2e07d516784e35983ccc9d491e9f6411f07bfb580633f883881c956d8f62736988ca1a70b06da9ab0de02947b1c571a5ae6230a79938d6364ebb0e8c0e9296cbc0ad4abea50f2fa868fb8f04cd22aae94498533952a6b0ab2be7793286fd6f80642376d23d8254a5d352993cfa5a16e8ba6621456de6767f080441bda6bd557b15566902a5f78e8ac0bed49d05268ff3b3f7e47abbedb3b9895257ae6a4bc65c06b25c9c630b02521136bf6823e68e52fe800ef7d6e7f60b36706866778d73";"BALF";2018;"1. Semestre";"BA010801";"DESENHO TECNICO I";4;0;"Reprovado por Frequência";60;"ENEM - Exame Nacional do Ensino Médio";2016;"Abandono";2019;"M"
"2ece5987d8c652b0a15f50a519cce02b54b1beef79352611f8ea71143617a67615750a06011051dd2daf29d0731a81e24f1bf9f7384ad4bea6f14849e2cd8db8474d0d654d2b41e62eb049ee22de317e4a06bd85f320acaf47dc3631a2488613b3892134e7e5bb2aa2e69401a96f4fc09cd08f9aee7676a8d6affe5723fc7fe74d8058d032789b5bcc3c262a77927d2c2d0ed78421da99b42f008d3bcfee8a975b7c3257a1dd442fdf27e99be0fe961b94b9d5bcafb58c15ca9f4fec06af1813fcbf1bb5dac6b6459f3192596d0202a8f094d830b39b3afef49cbf276715cb60bcc0f95680335ca50a68f2501d82d60ae1648bf40ab730231d0a407de7e9f3a7";"BALF";2016;"2. Semestre";"BA010801";"DESENHO TECNICO I";4;0;"Reprovado com nota";60;"ENEM - Exame Nacional do Ensino Médio";2016;"Abandono";2017;"F"
"1484ae2774d8514e07423a1f76c1c9cc7579823a5a430821341fda73bacbcc56412b7f21bf4e979bd72d9a7411a9dd8015c595818b2dbe74798eab88aaa6adf7733d00ad1e720fd0ebe7fa5336574206c1cdbef08736a8b04370bcb3857c83951a3ee49089cfe3ea8ec8d03e191ed9a6ce8c1480cbd53fa3dcd51c1da63d42dce83e51a2a8d5a7230738a16a86061090d3ab639bb6e04bf29c603ac74274cec68783c25d475801864f0ce1d4afc2b22b7fa552db125d0e32fa325179bc10e716db6ae19b402fcd2e31faeed8d1f9f1d397c053ef6704808994772e18064ac5b3fa99d069ccf33c098882bb6fb6a29b470558c20139d929fd59cba24ad492b56f";"BALF";2018;"1. Semestre";"BA010801";"DESENHO TECNICO I";4;6.9;"Aprovado com nota";60;"Chamada Regular Sisu";2017;"Aluno Regular";NA;"F"
"63be4d064e164aca4e4d46ec17838d26bd6bf56eafdcc7041b61abdec07b980d134f731eba2f24a75fd1af101f632c9c985332d3601d3d078fc5f4cb37c8bd8d2deb2add6461b03e0b2b4b02cb270cd329cef698f052e423ac99cc7accb8c260ef9b64d475757d03065683296bb907eb2f14d92049b359d8f2b7637fcbad7b65e4b35b6972df54a577c349cf69754ea4509760fa2e30910cc54d2e967609171ecf59de619b216410188d1c5fa136e91ffd0a3e422c728b8823395bee6cc8a820eb56a8a9ba1a5b1da2646edfedbe2862104d597ce5202ed1c947dfa54d70bad3bec610e4dd59ab780d79f3413a5b15cb2a43afd5f4e5e2e8a314ca22e806113a";"BALF";2018;"1. Semestre";"BA010801";"DESENHO TECNICO I";4;8.5;"Aprovado com nota";60;"Chamada Regular Sisu";2017;"Aluno Regular";NA;"F"
"544138ed92c6bf92b818771b5501e1f47b84194311e76d4485a8d5734db8990933b54410b2da66882958b61d470085cd02a4ada12496632b7de2690fcb72fe5521f15c75f98c0014695bbde3ebb73ce90fdd7e0a335eceb951dc48046a2e826074536bbab98dbbe611d6041883a2623909bdd30d39fc348ece13e3930638539fa7150e45b3dd1048ea2e42e20453cd0510fd75aec67e09f7aa2381093b0fa81b702522cfbd8d55e806ddb91e2b21569180ef998928b2a391966dc12fbbb675b84d35ef48b29c7bca28d2fcb1a3b71ef3362de0d571702c99380da7ce45d5fd74fc643b0750eb873b07c6084789f142aa215cfccea59ae19ce78b4d8293c785a4";"BALF";2019;"1. Semestre";"BA010801";"DESENHO TECNICO I";4;1e+06;"Matrícula";60;"Lista de Espera Sisu";2017;"Aluno Regular";NA;"M"
"85c804750db99969e1b4890f89180c4ff1379f671b278796b8ade1ce4d95b98e2f412828fd7af1b9c1c0bc8148af2de8723160cbf2384d668005288bdcc077a90fa6fbafa587bac63178a91aaf11228c26e2c42592de5bfbab10bfea0929798c7ea818bc967cfef316f9f0b67980221daa70fc4b48bf124112b1a6b0496ec423e88bf8b347e3a2353531cba19d5d3ba2360fe46943a6af3a4cabd7fa6b8399b668dcd58ee5954107ffbd09d18b5f0bf08381219f969f0781e5e74d9d1028f6360218a45f1bc536bfa03cee1c3e766c32d2289f292daa273a16e706e1e553e85f3b7b9c2992603322854139b9905643245115ab99ba6f1c732f4b2ff13e819702";"BALF";2017;"2. Semestre";"BA010801";"DESENHO TECNICO I";4;9.8;"Aprovado com nota";60;"Lista de Espera Sisu";2017;"Transf. Interna Por Reopção de Curso";2018;"M"
"0322683248aabb45c0e3d6adddc16d2345001931738736afb83a07ca9318d084de8a11f7ba8326df13123f1d45e95ae8c66fcf7a8ef096c2401dd8c433305fca28fed79baeb491852e0916b95cc2e218e90810896a8faabe3c357fd2420eb0b3099e241a2b8c8a6a4cfd8565dd6f4e38185b6c883b288c1a0d423d5800860d2f6f318f13f9fd20d1debd18b3e4d6a09dc9436c606fd4a2c89dd95fc19ac81a28e76d505eae5fb31ec4a9289be0c5f1591d5a92a25512d62833af40a15a4702042804089ba78a75abdbe1737699e7057d27955d02eef61779f246e716e4beb93155637b9bbb58c505adca9102faa66c74fa87c26a7282205b5449909a5c9e5214";"BALF";2018;"2. Semestre";"BA010801";"DESENHO TECNICO I";4;7.6;"Aprovado com nota";60;"Lista de Espera Sisu";2017;"Transf. Interna Por Reopção de Curso";2018;"F"
"c2fe7eccf46f2323799dcdf8688505492e8d65b0d76ab6b86f37660973a7df2fba766def7fb7c7e9511811f09653064bcc366323fa4cfbfc6280fb7b782111a9578b43fa0324c71e2b95ca4746e364e5da5db7f6d7dbb61ae7abce8ee4055b3edce021fd6b0b982c5b3d67526caa31ecce624ab00c16ca66246c1491ac1fb8da3f53dcf2f092f243fac1509382de67d8fb933d0971f6482ab9ad7335b02fa7f2c66a35cef15ff07adc4772bf9c83acce3568508946179229bf6738a22258da7103d43e5ee40a852fb66e94cecd3517f1c021ae5524848211f1bca1b805eaec7ca27969c23e455d891ac84a998f96b03b9f58eae7da51caf3847c25f5277224c9";"BALF";2018;"1. Semestre";"BA010801";"DESENHO TECNICO I";4;6.9;"Dispensado com nota";60;"Chamada por Nota do Enem II";2018;"Aluno Regular";NA;"M"
"e09d345b0367533df6bc16115b892a41ed1b74a5e90424b59817a8b380efb9eed74d045e50c18dc520bc5e739fe5f9ec33d9cfd02c2cc2400e9dbe6fdb4a0800c5bca35261dabc9a92dd38da6c0a29a00efea1bfbc06124f8e69f2d19e0e3ec44ba27da87ff5cfa3a19f328ff398179f62a41915e13e225b773007efc30515ded24c449744d7dbd970d634a2320a438edaf6cc790ab0afe567976283130e8458fe7756514d9adb30f8803c34ec3e4227892ee6c2b3b03d966cacc26383eb0263f388bc383cedb544710982d8ec4b0c4f2f2cfacd94e00f4979b55f596967b98ed3c3a5186ee889310dd4209a620a9ce0af362cef7dfa770899849daac20fdd91";"BALF";2019;"1. Semestre";"BA010801";"DESENHO TECNICO I";4;1e+06;"Matrícula";60;"Reingresso";2019;"Aluno Regular";NA;"M"
"4c13ba2dd62f5c18efa1ff89b947d018197d2905e67d9b1dca6e329603acc9a8e26ed1745210a33fb56a9e3fb3b33f37f08cf1ee74743058404f9406b40e71b7e3183be70c8cb866384857d51f5cd0f3727d88c6d700be76eb892cb0ad7810805c2df69d89d3d82c8c8ae857e86707e38f7c25b3fdf959df887f4babf37a034327147ff10613df4009c63094cbc40ef367e354b4a5014683dc6f5746f0ab73081b95222a5dc8537fe5fc082454ab7ed69fc5e7c85bb89ebc3a922cbe3d7f156f4ed8a1e47f4aac3e9e6eb27277a950fc355b7b203a58c0a6615c5aff218a6049f57ddda70e9b49490e99d1c59f3bb74ce72b418b3e7421de802a780370ee32a0";"BALF";2014;"2. Semestre";"BA010803";"DESENHO TECNICO II";4;5.5;"Reprovado com nota";60;"ENEM - Exame Nacional do Ensino Médio";2010;"Abandono";2016;"F"
"86d422cdbee42907800da63c9188f14d2b65413edaa7a2345cf2fc1d1f927fdc5dcf93ce359ea968d8e6540ef6ad4c4fd6a188131d4610885839aa4d69932304886df4779757f949bf536c17ef4c2c165091328d87db6a445985c2861a678351f31aab3d60629d0b79499a03a375e5bc5939c4b1be36052eeaa1203455f3c219ac91658e2abd55dca674a9640d38d713ac35e30c04f0500b4e1b86f9500744a8a19fe0874edf7fdd0a7274a70936a96198742d6bc7d72b153df31a31ee16c07753d72580bf1bd349321902ada627df791913863ea2f206ba78787893ff15a4675160a1e832a0fd602a0413a79fa79ca00617def51d7d5a03b4d760e8eb20ebc1";"BALF";2015;"1. Semestre";"BA010803";"DESENHO TECNICO II";4;4.31;"Reprovado com nota";60;"ENEM - Exame Nacional do Ensino Médio";2010;"Abandono";2016;"F"
"8f3da267d27b313f12b1898064ed5f12c2d1a1f2881ec5b6eead02b67cc97291a0b01c22788436d0efd2b1c5f0ab9884f2a222df59ba1042fb7c5b51d00fcb8f8bc0b2e08ca4b5b4e4c1a101f5a1c758741fb6d89162896e3e984aad0c6062178f5dbf42a5e49af25c836874d03eb56bc46d273e66ee8dfd2ecd6f52df23cb0565e88b4c6aa01a0eb36e2deeffb1ec39ecfc4d6cfb280a31b3d33acacc2f99734c78d2c1ca654b6590bb375bf38b8ccd3e81bf7394b4fec6c6eccda36c3e126ac2741ff51d03c5e0e12f1a2514b61cbaf267fb2c9584bd61a68d163acacb828c0487a3af773600cdf99f69238c09325e26c3881bf9d3f54a41e2f795ae5d582f";"BALF";2015;"2. Semestre";"BA010803";"DESENHO TECNICO II";4;7.9;"Aprovado com nota";60;"ENEM - Exame Nacional do Ensino Médio";2010;"Abandono";2016;"F"
"99b5cbcaed2889cae608948d65dcb4eb2741109645dbfc1496c12173e83030a6517a84b3e02c0f973746d71408a64115f758fdc791c0a401257ef91025c971cca00855ae5c657b332559f9c5f9cf7f454b7a3cada8947c773b4d3e8667081497bc315e33587370fc764239049fd93a05ebd47fc23b1ebaa4387b5d2dac0796b6bfc48d43d046c5058d649403c9f386507acc2135b2b65d2c1ff2f3f6474dfc1ac09724a87158724719f6753b83376f06c2c967263e1e0f0ff3ca957b7b3c0c06cfc645e2d2da8a6c811da7f1381ff4cf42653dd72959bd6540847338a8aa42fe678c0d7ca8daadac314a438f13a40b1479eaa36ea8e5eb764a09964d2aa7cac1";"BALF";2011;"2. Semestre";"BA010803";"DESENHO TECNICO II";4;6.5;"Aprovado com nota";60;"ENEM - Exame Nacional do Ensino Médio";2010;"Abandono";2012;"M"
"141658609c7188e2aea682e14576aeaa0c2ea89c3d5f0eb74fd58c6b093c91ceac163ab003807ff5fdb46606d7fb1c476159b97f243e35b134542808d90d19293a37b58e5a6f96a5e85d4c831a67af877cf2faaf994550175271155548f47371d9dfccbed93e577cd1af05d84b14486cbccb6f6def1daf89739bf6c6d78c4764b7a1e361e72098789df7c0ac6b6f653211166120880f924a32e8bb382dab43187d221055fd9f6e07d05a4c79f40755ec32149ca25cdada42ddee609ce4ab3aa4a4e1ab74cf53437c3cac6e340ba96cb8636505797ebb7319ad029dfb404993dc2a0642064a160c2513d26d0b5b1943bafef994d180b0606c4c5d382b37cadc81";"BALF";2012;"1. Semestre";"BA010803";"DESENHO TECNICO II";4;6.1;"Aprovado com nota";60;"ENEM - Exame Nacional do Ensino Médio";2011;"Cancelamento";2012;"F"
"af52e0d3c02c123e4f14bba9712f8e5eaac40eded7e249730029560e4837ed944869b12552e32fed7cef1d9f0d620f571b3cd80f7034ed4338a280936e5f68ec35f6a8d57fc37355eb270c48849dfc9c97cdaa320efda0ca051128d8de569c1b987e5e9fd210e2e809a90e5ed02f0f763f3149f8deb32dc224e85d24cc61d8ec3cbf5c91096374039e8534ac56a5418623a86776277092dd72e26788db6ae6d0b50addd601289db93cfd90b592ebd65d21e0865c2a6cf1b3622952e7bbc247e0e6b9520efc72e597e8a96fe3f3a4bdc45f9fef60d9d0ba0bd974556253dc85a91349216b6d28802ed515ef6d202dcd99390508088798ac20b99d6bfecf465ec9";"BALF";2016;"1. Semestre";"BA010803";"DESENHO TECNICO II";4;6.53;"Aprovado com nota";60;"ENEM - Exame Nacional do Ensino Médio";2011;"Cancelamento";2017;"M"
"4dfac173bac5a50939f3e48843696c4a88df88ce225fac5d66ea54ce830a3a7d1491c67633ba02933769e575807c22df5121f2f4541c7d0fd7fc41e28117904c51aae797dac63c0160cad10c9dd6fe5a489aaacf589acb146e1cc3c9ea02190eecde227af582cbf1e018e593e0d78de6d8be335848c36809adcc49c3f968016b4d310cc968c9c6450ded06f3d9deb043437aa2379aed5b2781477b05e32eb34dd28c091c67bdb386c0c8d3cfb3a1c164249e2cdf3287fc3737c18afe621ca265ca16a15045c392f81460b814d0206d97470208b16bfbba7c3adb00a933b345647e013f4552d627925b9ea3d9d453d7267823eb0f3d32eef03cb933947ea669c6";"BALF";2012;"2. Semestre";"BA010803";"DESENHO TECNICO II";4;1e+06;"Trancamento parcial";60;"ENEM - Exame Nacional do Ensino Médio";2011;"Abandono";2015;"M"
"7d59e2d768727308087ee7ca18620048ee9aab3abccb092016b0546e75f786c29d76663ed0ddc283b93e374903eabbc1164f7cd104b9d43974ea212fb76590aeb56d4ab3a62dc439022e3066fe11696f1eaa5215bb2694697aea17205c5ac8f953e3732b5ca5ae7f2ed607ffed043e418a277da0818861406a64e78a7aebe8cf3470d8630cb8c7fa6668c60578ee64bd68eba5a64e5c9eae5c3f7405e3c551f7ac9f7cc642127b34116fa3278a60c691fc5dd013afb1bac180c9817a1380aefa9b4c7914e2cd0d24874a4c183ee0cb6fa0f88f1111865f8e1a9647a3c3eec642ba591b90cc7a4b3b1fb17bd317d5f0e9ddfe6d379bf4b95d42a1b7e79330ea3a";"BALF";2014;"2. Semestre";"BA010803";"DESENHO TECNICO II";4;6.3;"Aprovado com nota";60;"ENEM - Exame Nacional do Ensino Médio";2011;"Abandono";2015;"M"
"ddf5f241eba87b90e711ed20967820eaaca99ec8f09cb593632dd8f76319f380caa1db3644240ebb5b26d98fa86d3e1ed0f5ff4d406beba7817c7e9b5d379b445d9eb41f010151f75f1099449223164baf8c269f09d30efac96d152411b85a728e96bdaee8fcf87add0a311053ca64e35293f064aab57f010939df997a1fa6d97f636fb5fa69f14e142162d09ac61bb4febe0e5584361772c6458293b0e4506b3847d84296c6cd34efe42e47a6d76a251769ed6d44a79aaf0af5a2e13f4efa778d794376e7f93ccbb4406235a7064fdb61c0d23af6cc6549852724cecadd5fc01dd3ab0555f418e220be444b3c019223471c564426339821418e27e3f7ad16ef";"BALF";2016;"1. Semestre";"BA010803";"DESENHO TECNICO II";4;0;"Reprovado por Frequência";60;"ENEM - Exame Nacional do Ensino Médio";2011;"Transf. Interna Por Reopção de Curso";2018;"F"
"9a2ab4eb44cd9d8397c672f20c678417c65fef14bb14def5385fc229e803cd1952bca4f3644617489441a462bfd1c6c0961b965ed6407de12d3e064e894d95f7c1a105c3593ecf6e9876d6cfb78794d4fe6310a270fadeb4cfbbe6178aadf7dc2638394e4608d95d657fcb53e8928a12fd1ce60ae15c3b250c83527abb0c400a6890255b202d7e129b31342813a41c3a6e6a155062077edc9c41e8076fb91adc5bed2ef00870d1230bd2353c542fb8def4f00289d2a30f4fbafa0fee9916e0164f3b20b5b80f779834c965055855f67ad8ea8ddcf584467f0757bfe62cf992e202360ac2481ed5fa5a4a6dd08935e38ea3e1eb87976fcb48a188d181adc33736";"BALF";2011;"2. Semestre";"BA010803";"DESENHO TECNICO II";4;1e+06;"Dispensado sem nota";60;"Transferência Voluntária ou Externa (oriundo de outra instituição)";2011;"Abandono";2014;"M"
"b7d8cfb9bff5884c9e845e9970acb3b8451976d21da81fde0807be5c95812b5c0d0157b08742a478add1709eb265aabcdeb66b6273388cfb35165c926ebb0cfc22f29829182fb839939403c07a56e66a8c958d4c50e4e7337e1664fb9e2158f0edbac9e571b6d0d40cb6aaf7ba4b6e747f98577670fa209f40580a38dcd8181c38ae5443e10f5f636a436003e27fa1dceebef8ab1c08a2b8d303d21733d4dc4aeae9301a443391a33ca3f01aead23cfd457efd8bccec38fd75e3bf7bb873ba94c7c36221126992d03f8a20a11ada4ba96592424fa0ebfc1916424da84b14a4229b95bfead09984fd546880199fa27b82e4cda3c500fcb275ac1b330a799850a9";"BALF";2013;"1. Semestre";"BA010803";"DESENHO TECNICO II";4;8.1;"Aprovado com nota";60;"ENEM - Exame Nacional do Ensino Médio";2012;"Transf. Interna Por Reopção de Curso";2013;"F"
"57262851dd7f5314a0416c95c4022915aff96b41d48f5d60dd2892fdea2acc2ceca6fdfd03f0b9a6edd0b2931aba828d78c24f2189983dd0afcf6a9ae3675fde1dbeb1a14952a39ffaac8a4567773a76927a1ab4e02c0a55e820ac051029b9929f6b69bac615d69f7c76314836324bc8a715cb773c8cf49fb80e47b083b741721557359e930de7d9a141247a14a6189fc2ac92c902349a4d693bf23d413406ff9368b4673a12fdb884406616016c1905d9d2cfd2448f3e97b32f9aafcdcdc2b80c1fecd675947d49bdeefc4ab057b108623bc0accc5f7412f826ba44b3a938a00ccf47f6182fd1027a463da679ea6a2c722d630d4923d357210cd0586eb8b8b3";"BALF";2015;"2. Semestre";"BA010803";"DESENHO TECNICO II";4;6;"Aprovado com nota";60;"ENEM - Exame Nacional do Ensino Médio";2013;"Transf. Interna Por Reopção de Curso";2018;"F"
"688398fc3cbf138071b1535728de0a92ed9fe17bd47148a29de8b5d7892729f101b609e4fa7cdccdeca75a1b4fe91899a495f7a388402ac637c90279bd64beecdad9995ae3927d5046d4f691ed7328043441526f02fadadf1aea502c49f972c1ad8efa4a68f8e3c9e92528fee2fe8a7839ffabea35255f6b1477bb3ecd423d3b6ebe5728eabc2b0dc97811a5297d7404e87d435fdd0f81a8fcc57ce64ecf7c0e4fdaf7e6de3f88e8c3319f6e09f1f5ff582846a9645259428a5599f2c40cc08bcddadb76062e19c078e94376cb60e585a8e8c4fede61885f587365a515008856de6376cdd0696b9a9a48245ff60c836a51af673c9882a1c7fed5b28ed24b925f";"BALF";2015;"2. Semestre";"BA010803";"DESENHO TECNICO II";4;8.7;"Aprovado com nota";60;"ENEM - Exame Nacional do Ensino Médio";2014;"Formado";2018;"M"
"8623ce1c8c546801b9dbcb954f02a9b8d0ad7e48912eabe6c3e577e6a36e73cbee8f1db5e4692211854b817120eb3994802c90accdfe70581d19e3aa1c925f69c04cca609d14e173147adcc4b5531832a7ba1c03280897d5c7a92e5c3fe39f27a2211f84b6adebb63481bfcdbd0a9bc8b96d8ce344c168fa52faafba72d0144cd41c1db9338f9182edfe48e5e25712b4a55d33f2681bf16184d6b3320e81a5983b511071d6198d4c0365fb97ea2c8a1b4196282aef312492f7a01ce18c6c7a6f001bf5fe6928c62452246097be9edf022219ef70639ee91390a975b8dd43517546bb1554c674648930a4c4766c48d682dd78daedb18fce6feca303bcd29bdd14";"BALF";2018;"1. Semestre";"BA010803";"DESENHO TECNICO II";4;7.25;"Aprovado com nota";60;"ENEM - Exame Nacional do Ensino Médio";2016;"Transf. Interna Por Reopção de Curso";2018;"M"
